<?xml version="1.0" encoding="UTF-8"?>
<project-private xmlns="http://www.netbeans.org/ns/project-private/1">
    <editor-bookmarks xmlns="http://www.netbeans.org/ns/editor-bookmarks/2" lastBookmarkId="0"/>
    <open-files xmlns="http://www.netbeans.org/ns/projectui-open-files/2">
        <group>
            <file>file:/C:/Users/steve/repos/BasicGraphics/src/maze/Maze.java</file>
            <file>file:/C:/Users/steve/repos/BasicGraphics/src/basicflyer/Falcon.java</file>
            <file>file:/C:/Users/steve/repos/BasicGraphics/src/walkthedog/WalkDog.java</file>
            <file>file:/C:/Users/steve/repos/BasicGraphics/src/basicgraphics/CollisionEventType.java</file>
            <file>file:/C:/Users/steve/repos/BasicGraphics/src/basicgraphics/images/Picture.java</file>
            <file>file:/C:/Users/steve/repos/BasicGraphics/src/basicgraphics/Sprite.java</file>
            <file>file:/C:/Users/steve/repos/BasicGraphics/src/basicgraphics/SpriteComponent.java</file>
        </group>
    </open-files>
</project-private>
